"UID","Value","English","Orphan"
1,"RESET","Reset Form",No
2,"RELOAD","Reload Page",No
3,"FIND","Find",No
4,"ADDNEW","Add New",No
5,"SAVE","Save",No
6,"DELETE","Delete",No
7,"CANCEL","Cancel",No
8,"EDIT","Edit",No
9,"CUSTOM","Custom",No
10,"CLOSE","Close this Window",No
400,"400BADREQUEST","400 Bad Request",No
401,"401UNAUTHORIZED","401 Unauthorized",No
402,"402PAYMENTREQUIRED","402 Payment Required",No
403,"403FORBIDDEN","403 Forbidden",No
404,"404NOTFOUND","404 Not Found",No
405,"405METHODNOTALLOWED","405 Method Not Allowed",No
406,"406NOTACCEPTABLE","406 Not Acceptable",No
407,"407PROXYAUTHENTICATIONREQUIRED","407 Proxy Authentication Required",No
408,"408REQUESTTIMEOUT","408 Request Timeout",No
409,"409CONFLICT","409 Conflict",No
410,"410GONE","410 Gone",No
411,"411LENGTHREQUIRED","411 Length Required",No
412,"412PRECONDITIONFAILED","412 Precondition Failed",No
413,"413REQUESTENTITYTOOLARGE","413 Request Entity Too Large",No
414,"414REQUEST-URITOOLONG","414 Request-URI Too Long",No
415,"415UNSUPPORTEDMEDIATYPE","415 Unsupported Media Type",No
416,"416REQUESTEDRANGENOTSATISFIABLE","416 Requested Range Not Satisfiable",No
417,"417EXPECTATIONFAILED","417 Expectation Failed",No
418,"418I'MATEAPOT","418 I'm a teapot",No
422,"422UNPROCESSABLEENTITY","422 Unprocessable Entity",No
423,"423LOCKED","423 Locked",No
424,"424FAILEDDEPENDENCY","424 Failed Dependency",No
425,"425UNORDEREDCOLLECTION","425 Unordered Collection",No
426,"426UPGRADEREQUIRED","426 Upgrade Required",No
449,"449RETRYWITH","449 Retry With",No
500,"500INTERNALSERVERERROR","500 Internal Server Error",No
501,"501NOTIMPLEMENTED","501 Not Implemented",No
502,"502BADGATEWAY","502 Bad Gateway",No
503,"503SERVICEUNAVAILABLE","503 Service Unavailable",No
504,"504GATEWAYTIMEOUT","504 Gateway Timeout",No
505,"505HTTPVERSIONNOTSUPPORTED","505 HTTP Version Not Supported",No
506,"506VARIANTALSONEGOTIATES","506 Variant Also Negotiates",No
507,"507INSUFFICIENTSTORAGE","507 Insufficient Storage",No
509,"509BANDWIDTHLIMITEXCEEDED","509 Bandwidth Limit Exceeded",No
510,"510NOTEXTENDED","510 Not Extended",No
1891,"FIRSTNAME","First Name",No
1892,"LASTNAME","Last Name",No
1893,"MIDDLENAME","Middle Name",No
1894,"UID","UID",No
1904,"NAME","Name",No
1906,"ENGLISH","English",No
1907,"VALUE","Value",No
1908,"TYPE","Type",No
1909,"GROUP","Group",No
1910,"VALIDSESSIONSONLY","Valid Sessions Only",No
1912,"CAPTION","Caption",No
1914,"DATATYPE","Datatype",No
1915,"TABLE","Table",No
1916,"CAPTIONRULES","Caption Rules",No
1917,"LOOKUPFIELDCAPTIONRULES","Lookup field caption rules",No
1918,"DEFINEDSIZE","Defined size",No
1919,"DATASOURCECONNECTION","Data Source Connection",No
1920,"LOOKUPTABLE","Lookup table",No
1921,"LOOKUPCOLUMN","Lookup column",No
1922,"LOOKUPDISPLAYCOLUMN","Lookup display column",No
1923,"LOOKUPFILTERCOLUMN","Lookup filter column",No
1924,"ALLOWNULLS","Allow Nulls",No
1925,"JASKEYCOLUMN","JAS Key Column",No
1926,"LOOKUPFILTERVALUE","Lookup filter value",No
1927,"DEFAULTVALUE","Default Value",No
1928,"BOOLEAN","Boolean",No
1929,"NONJASKEYCOLUMN","Non JAS Key Column",No
1930,"PRIMARYKEY","Primary Key",No
1931,"AUTOINCREMENT","Auto Increment",No
1932,"PRECISION","Precision",No
1933,"NUMERICSCALE","Numeric Scale",No
1934,"JASFIELD","JAS Field",No
1935,"LOOKUPCAPTIONTYPE","Lookup Caption Type",No
1936,"LOOKUPCAPTIONGROUP","Lookup Caption Group",No
1937,"DESCRIPTION","Description",No
1938,"SCREENTYPE","Screen Type",No
1939,"USE","Use",No
1941,"ENABLED","Enabled",No
1942,"USERNAME","Username",No
1943,"SERVER","Server",No
1944,"DATABASE","Database",No
1949,"OPEN","Open",No
1950,"PASSWORD","Password",No
1960,"ICON","Icon",No
1961,"COLUMNS","Columns",No
1962,"SYSTEMADMINISTRATOR","System Administrator",No
1963,"PERSON","Person",No
1964,"COMPANY","Company",No
1965,"JEGASTABLE","Jegas Table",No
1966,"JEGASAWARE","Jegas is Aware",No
1967,"CREATEDBY","Created By",No
1968,"CREATED","Created",No
1969,"MODIFIEDBY","Modified By",No
1970,"MODIFIED","Modified",No
1971,"DELETEDBY","Deleted By",No
1972,"DELETED","Deleted",No
1973,"COLUMNPREFIX","Column Prefix",No
1974,"SUBTYPE","Sub Type",No
1975,"PRIMARYPHONE","Primary Phone",No
1976,"FAX","Fax",No
1977,"PRIMARYEMAIL","Primary Email",No
1978,"WEBSITE","Website",No
1979,"PARENTCOMPANY","Parent Company",No
1981,"PRIMARYPERSON","Primary Person",No
1982,"ADDRESS","Address",No
1983,"NOTES","Notes",No
1984,"ASSIGNEDTO","Assigned To",No
1985,"GREETING","Greeting",No
1986,"SUFFIX","Suffix",No
1987,"DEAR","Dear",No
1988,"GENDER","Gender",No
1989,"PRIVATE","Private",No
1990,"PRIMARYCOMPANY","Primary Company",No
1993,"PRIMARYMOBILE","Primary Mobile",No
1994,"PRIMARYPAGER","Primary Pager",No
1995,"CREATESCREEN","Create Screen",No
1996,"SCHEMA","Schema",No
1997,"READPERMISSION","Read Permission",No
1998,"WRITEPERMISSION","Write Permission",No
1999,"ADDPERMISSION","Add Permission",No
2000,"DELETEPERMISSION","Delete Permission",No
2005,"VERSIONMAJOR","Version Major",No
2006,"VERSIONMINOR","Version Minor",No
2007,"REVISION","Revision",No
2008,"MODULENAME","Module Name",No
2009,"SETTINGNAME","Setting Name",No
2010,"MODULEINSTANCENAME","Module Instance Name",No
2014,"TABLES","Tables",No
2020,"ROLE","Role",No
2021,"BUDGET","Budget",No
2022,"MILESTONE","Milestone",No
2023,"URL","URL",No
2024,"DIRECTIONSURL","Directions URL",No
2025,"CASE","Case",No
2026,"PROGRESS","Progress",No
2027,"REMINDPERSISTANTLY","Remind Persistantly",No
2028,"REMINDMINUTESAHEAD","Remind Minutes Ahead",No
2029,"REMINDHOURSAHEAD","Remind Hours Ahead",No
2030,"REMINDDAYSAHEAD","Remind Days Ahead",No
2031,"REMINDERSENT","Reminder Sent",No
2032,"SENDREMINDER","Send Reminder",No
2033,"STARTDATE","Start Date",No
2034,"PRIORITY","Priority",No
2035,"ESTIMATEDDURATIONINMINUTES","Estimated Duration in Minutes",No
2036,"STATUS","Status",No
2037,"Project","Project",No
2038,"CATEGORY","Category",No
2039,"DUE","Due",No
2040,"ENTITYTYPE","Entity Type",No
2041,"ENTITYID","Entity ID",No
2294,"FIXED","Fixed",No
2295,"16","16",No
2296,"22","22",No
2297,"24","24",No
2298,"32","32",No
2299,"48","48",No
2300,"64","64",No
2301,"72","72",No
2302,"96","96",No
2304,"128","128",No
2305,"256","256",No
2306,"512","512",No
2307,"STANDARD","Standard",No
2308,"DIRECTORY","Directory",No
2309,"CONTEXT","Context",No
2386,"DEPARTMENT","Department",No
2387,"TITLE","Title",No
2388,"REPORTSTO","Reports To",No
2389,"ADDRESS01","Address1",No
2390,"ADDRESS02","Address2",No
2391,"ADDRESS03","Address3",No
2392,"CITY","City",No
2393,"STATE","State or Province",No
2394,"COUNTRY","Country",No
2426,"COPY","Copy",No
2433,"M","Male",No
2434,"F","Female",No
2435,"SCREEN","Screen",No
2436,"JBLOK","JBlok",No
2437,"SCREENBLOKLIST","JScreenBlok List",No
2438,"EDITSCREEN","Edit Screen",No
2439,"EDITBLOK","Edit Blok",No
2440,"POSITION","Position",No
2441,"BUTTONLIST","Button List",No
2442,"BLOKFIELDLIST","Blok Field List",No
2443,"SAMPLEEVENTCATEGORY","Sample Event Category English Caption",No
2512,"PROJECTPCT","Project %",No
2513,"TARGETBUDGET","Target Budget",No
2514,"TARGETENDDATE","Target End Date",No
2515,"HOURSPROJECTED","Hours Projected",No
2516,"HOURSWORKED","Hours Worked",No
2517,"HOURSSCHEDULED","Hours Scheduled",No
2518,"ACTUALENDDT","Actual End Date",No
2519,"URLSTAGE","Staging URL",No
2520,"PROJECTOWNERID","Project Owner",No
2521,"CREATEDDT","Created Date",No
2524,"SEARCHSCREENS","Search Screens",No
2525,"JBLOKS","JBloks",No
2526,"PROJECTCATEGORYRESULTS","Project Category Results",No
2527,"PROJECTCATEGORYS","Project Categories",No
2528,"PROGRESSPERCENTAGE","Progress %",No
2529,"TASKS","Tasks",No
2530,"TASKSEARCHRESULTS","Task Search Results",No
2531,"RESULTS","Results",No
2542,"CAPTIONSEARCH","Caption Search",No
2543,"CAPTIONFILTER","Caption Filter",No
2550,"DATA","Data",No
2593,"PROJECTLINKSEARCH","Project Link Search",No
2598,"PROJECTPRIORITIES","Project Priorities",No
2612,"PROJECTS","Projects",No
2615,"COMPANIES","Companies",No
2619,"COMPANYPEOPLE","Company People",No
2622,"COMPANYDEPARTMENTS","Company Departments",No
2623,"PEOPLE","People",No
2624,"PREFIX","Prefix",No
2625,"PRODUCTS","Products",No
2626,"NUMBER","Number",No
2627,"PRODUCTQUANTITIES","Product Quantities",No
2628,"LOCATION","Location",No
2629,"ONHAND","On Hand",No
2630,"ONORDER","On Order",No
2631,"ONBACKORDER","On Backorder",No
2632,"PRODUCTGROUPS","Product Groups",No
2633,"JBLOKBUTTONS","JBlok Buttons",No
2634,"BLOKID","Blok ID",No
2635,"BUTTONTYPE","Button Type",No
2636,"GRAPHICFILENAME","Graphic File Name",No
2639,"JBLOKBUTTON","JBlok Button",No
2640,"JBlokFields","JBlok Fields",No
2641,"JBLOKFIELD","JBlok Field",No
2642,"WIDGET","Widget",No
2643,"COLUMN","Column",No
2644,"JBLOKTYPES","JBlok Types",No
2645,"BLOKTYPE","Blok Type",No
2646,"JBLOKTYPE","JBlok Type",No
2648,"GROUPSEARCH","Group Search",No
2649,"MODULES","Modules",No
2650,"MODULE","Module",No
2651,"MODULECONFIGURATIONS","Module Configurations",No
2652,"MODULECONFIGURATION","Module Configuration",No
2653,"MODULESETTING","Module Setting",No
2654,"MODULESETTINGS","Module Settings",No
2655,"JNOTE","JNote",No
2656,"NOTE","Note",No
2657,"USERCONNECTION","User Connection",No
2660,"SESSIONS","Sessions",No
2668,"BUTTONTYPE","Button Type",No
2669,"BUTTONTYPES","Button Types",No
2671,"CASES","Cases",No
2672,"CASECATEGORY","Case Category",No
2673,"CASECATEGORIES","Case Categories",No
2674,"CASEPRIORITY","Case Priority",No
2675,"CASEPRIORITIES","Case Priorities",No
2676,"CASESOURCE","Case Source",No
2677,"CASESOURCES","Case Sources",No
2680,"SUBJECT","Subject",No
2681,"CASESUBJECTS","Case Subjects",No
2682,"CASETYPE","Case Type",No
2683,"CASETYPES","Case Types",No
2684,"CATALOG","Catalog",No
2685,"CATALOGS","Catalogs",No
2687,"COMPANY","Company",No
2688,"COMPANYDEPARTMENT","Company Department",No
2689,"COMPANYPERSON","Company Person",No
2690,"CAPTIONTYPE","Caption Type",No
2691,"CAPTIONTYPES","Caption Types",No
2692,"CUSTOMERS","Customers",No
2693,"CUSTOMER","Customer",No
2694,"DATACONNECTIONINFO","Data Connection Info",No
2695,"DATACONNECTIONSEARCH","Data Connection Search",No
2696,"CUSTOMERCATEGORY","Customer Category",No
2697,"DEBUGENTRY","Debug Entry",No
2698,"DEBUGENTRIES","Debug Entries",No
2705,"PAYRATESEARCH","Recently Used Payrates Search",No
2706,"PAYRATEPERHOUR","Payrate Per Hour",No
2707,"RECENTREFERENCESEARCH","Reference Search",No
2708,"RECENTCLIENTSEARCH","Recent Client Search",No
2709,"MENUPARENTID","Menu Parent ID",No
2710,"DISPLAYIFNOACCESS","Display if No Access",No
2711,"VALIDSESSIONONLY","Valid Session Only",No
2712,"DISPLAYIFVALIDSESSION","Display if Valid Session",No
2713,"DISPLAYNEWWINDOW","Display in New Window",No
2714,"SMALLICON","Small Icon",No
2715,"LARGEICON","Large Icon",No
2716,"ALTTEXTFORICON","Alternate Text for Icon",No
2717,"MENUITEM","Menu Item",No
2718,"MENUITEMS","Menu Items",No
2719,"RECENTBILLTOSEARCH","Recent Bill-To Search",No
2720,"SEQUENCE","Sequence",No
2721,"RECENTRESOURCESEARCH","Recent Resource Search",No
2722,"RECENTBILLTOID","Recent Bill-To ID",No
2723,"RECENTCLIENTID","Recent Client ID",No
2724,"TIMECARDENTRIES","Timecard Entries",No
3467,"CLIENTENTITYID","Client Entity ID",No
3468,"BILLTOID","Bill-to ID",No
3469,"IMPORTEDDATE","Imported Date",No
3470,"IMPORTEDBY","Imported By",No
3471,"RESOURCETYPE","Resource Type",No
3472,"PAYRATE","Payrate",No
3473,"BILLABLE","Billable",No
3474,"RESOURCEID","Resource ID",No
3475,"DATEUPLOADED","Date Uploaded",No
3476,"UPLOADEDBY","Uploaded By",No
3477,"MANUALENTRY","Manual Entry",No
3478,"MANUALENTRYDATE","Manual Entry Date",No
3479,"REFERENCE","Reference",No
3480,"TIMEIN","Time In",No
3481,"TIMEOUT","Time Out",No
3482,"TASK","Task",No
3483,"INTERNALNOTES","Internal Notes",No
3484,"PUBLICNOTES","Public Notes",No
3485,"TIMECARDENTRY","Time Card Entry",No
3626,"LEADSOURCETYPE","Lead Type",No
3627,"LEADSOURCECOMPANY","Lead Source Company",No
3628,"LEADSOURCEPERSON","Lead Source Person",No
3629,"RESPONSIBLETEAM","Responsible Team",No
3630,"RESPONSIBLEPERSON","Responsible Person",No
3631,"LEADSOURCETEAM","Lead Source Team",No
3632,"INDUSTRYTYPE","Industry Type",No
3633,"ACCOUNTOWNER","Account Owner",No
3638,"USERS","Users",No
3639,"USER","User",No
3640,"USERPREFERENCES","User Preferences",No
3641,"USERPREFERENCE","User Preference",No
3642,"PRINTER","Printer",No
3643,"PRINTERS","Printers",No
3648,"PERMISSIONS","Permissions",No
3649,"SECURITYPERMISSION","Security Permission",No
3712,"SERVERINBOUNDMESSAGES","Server Inbound Messages",No
3713,"SERVERINBOUNDMESSAGE","Server Inbound Message",No
3766,"PUBLIC","Public",No
3767,"SECONDARYEMAIL","Secondary Email",No
3768,"MEMBERSEARCH","Member Search",No
3769,"SECONDARYPHONE","Secondary Phone",No
3874,"PARENTTEAM","Parent Team",No
3947,"EMAIL","Email",No
3948,"PHONE","Phone",No
3949,"WORKEMAIL","Work Email",No
3950,"HOMEEMAIL","Home Email",No
3951,"HOMEPHONE","Home Phone",No
3952,"WORKPHONE","Work Phone",No
3953,"MOBILEPHONE","Mobile Phone",No
3954,"MAINADDRESS1","Main Address1",No
3955,"MAINADDRESS2","Main Address2",No
3956,"MAINADDRESS3","Main Address3",No
3957,"SHIPPINGADDRESS1","Shipping Address1",No
3958,"SHIPPINGADDRESS2","Shipping Address2",No
3959,"SHIPPINGADDRESS3","Shipping Address3",No
3960,"MAINCITY","Main City",No
3961,"MAINSTATE","Main State",No
3962,"MAINPOSTALCODE","Main Postal Code",No
3963,"MAINLONGITUDE","Main Longitude",No
3964,"MAINLATITUDE","Main Latitude",No
3965,"SHIPPINGCITY","Shipping City",No
3966,"SHIPPINGSTATE","Shipping State",No
3967,"SHIPPINGPOSTALCODE","Shipping Postal Code",No
3968,"SHIPPINGLONGITUDE","Shipping Longitude",No
3969,"SHIPPINGLATITUDE","Shipping Latitude",No
3970,"POSTALCODE","Postal Code",No
3971,"LONGITUDE","Longitude",No
3972,"LATITUDE","Latitude",No
3983,"ADMINISTRATIVE","Administrative",No
3984,"OPERATIVE","Operative",No
3995,"SESSION","Session",No
4046,"TEAM","Team",No
4047,"CODE","Code",No
4048,"JASROW","JAS Row",No
4054,"SAVEANDCLOSE","Save-N-Close",No
4055,"CANCELANDCLOSE","Cancel-N-Close",No
4078,"OWNER","Owner",No
4079,"OWNER","Owner",No
4080,"ORPHAN","Orphan",No
4081,"PRIVATEMEMO","Private Memo",No
4082,"READONLY","Read Only",No
4083,"WIDGETWIDTH","Widget Width",No
4084,"WIDGETHEIGHT","Widget Height",No
4085,"WIDGETMAXLENGTH","Widget Max Length",No
4086,"WIDGETTIME","Widget Time",No
4087,"WIDGETDATE","Widget Date",No
4089,"LOGENTRYTYPES","Log Entry Types",No
4090,"SESSIONTYPES","Session Types",No
4091,"SCREENTYPES","Screen Types",No
4092,"SECURITYGROUPS","Security Groups",No
4093,"SECURITYGROUPLINKS","Security Group Links",No
4094,"SECURITYGROUPUSERLINKS","Security Group User Links",No
4095,"SECURITYPERMISSIONUSERLINKS","Security Permission User Links",No
4096,"SESSION","Session",No
4097,"SYSTEMMODULES","System Modules",No
4098,"SYSTEMMODULELINKS","System Module Links",No
4099,"TABLESEARCH","Table Search",No
4101,"ROW","Row",No
4102,"TABLETYPES","Table Types",No
4103,"TABLETYPE","Table Type",No
4104,"TASKCATEGORIES","Task Categories",No
4105,"TASKCATEGORY","Task Category",No
4106,"TASKLINKS","Task Links",No
4107,"TASKLINK","Task Link",No
4108,"TASKPRIORITIES","Task Priorities",No
4109,"TASKPRIORITY","Task Priority",No
4110,"STATUSES","Statuses",No
4112,"FILTER","Filter",No
4113,"TEAMS","Teams",No
4114,"TEAMMEMBERS","Team Members",No
4115,"TEAMMEMBER","Team Member",No
4116,"USERPREFERENCELINKS","User Preference Links",No
4117,"USERPREFERENCELINK","User Preference Link",No
4118,"SESSIONDATARECORD","Session Data Record",No
4119,"VENDORS","Vendors",No
4120,"VENDOR","Vendor",No
4121,"WIDGETS","Widgets",No
4122,"WIDGETLINKS","Widget Links",No
4123,"WIDGETLINK","Widget Link",No
4124,"LANGUAGES","Languages",No
4125,"LANGUAGE","Language",No
4126,"NATIVENAME","Native Name",No
4127,"CASESUBJECT","Case Subject",No
4128,"SOURCE","Source",No
4129,"RESOLVED","Resolved",No
4130,"RESOLVEDBY","Resolved By",No
4131,"DEFAULTLOOKUPCOLUMN","Default Lookup Column",No
4134,"CUSTOMERCATEGORIES","Customer Categories",No
4135,"MESSAGE","Message",No
4136,"DATATYPES","Datatypes",No
4137,"NOTATION","Notation",No
4138,"INDUSTRIES","Industries",No
4139,"INDUSTRY","Industry",No
4140,"MODULEINSTALLATIONS","Module Installations",No
4141,"MODULEINSTALLATION","Module Installation",No
4142,"SYSTEMINTERFACES","System Interfaces",No
4143,"SYSTEMINTERFACE","System Interface",No
4144,"INVOICES","Invoices",No
4145,"INVOICE","Invoice",No
4146,"INVOICED","Invoiced",No
4147,"SHIPPED","Shipped",No
4148,"ORDERED","Ordered",No
4149,"CUSTOMERPO","Cust PO",No
4150,"INTERNALPO","P.O. No.",No
4151,"SHIPVIA","Ship Via",No
4165,"SALESAMOUNT","Sales Amount",No
4166,"MISCELLANEOUSAMOUNT","Miscellaneous Amount",No
4167,"SALESTAXAMOUNT","Sales Tax",No
4168,"SHIPPINGAMOUNT","Shipping",No
4169,"TOTALAMOUNT","Total",No
4170,"BILLINGADDRESS1","Billing Address1",No
4171,"BILLINGADDRESS2","Billing Address2",No
4172,"BILLINGADDRESS3","Billing Address3",No
4173,"BILLINGCITY","Billing City",No
4174,"BILLINGSTATE","Billing State",No
4175,"BILLINGPOSTALCODE","Billing Postal Code",No
4176,"BILLINGLONGITUDE","Billing Longitude",No
4177,"BILLINGLATITUDE","Billing Latitude",No
4178,"INVOICELINES","Invoice Lines",No
4179,"INVOICELINE","Invoice Line",No
4180,"INTERNALPRODUCTNUMBER","Internal Product Number",No
4181,"CUSTOMERPRODUCTNUMBER","Customer Product Number",No
4182,"PRODUCT","Product",No
4183,"MANUFACTURERPRODUCTNUMBER","Manufacturer Product Number",No
4186,"PRICEPERUNIT","Price Per Unit",No
4187,"EXTENDEDPRICE","Extended Price",No
4188,"JOBQUEUEITEMS","Job Queue Items",No
4189,"JOBQUEUEITEM","Job Queue Item",No
4190,"STARTED","Started",No
4191,"ERRORNUMBER","Error Number",No
4192,"RUNNING","Running",No
4193,"FINISHED","Finished",No
4194,"JOBTYPE","Job Type",No
4195,"REPEAT","Repeat",No
4196,"REPEATMINUTE","Repeat Minute",No
4197,"REPEATHOUR","Repeat Hour",No
4198,"COMPLETED","Completed",No
4199,"REPEATMONTH","Repeat Month",No
4200,"REPEATDAYOFWEEK","Repeat Day Of Week",No
4201,"REPEATDAYOFMONTH","Repeat Day of Month",No
4202,"RESULTURL","Result URL",No
4203,"RESULTHTML","Result HTML",No
4204,"JOB","Job",No
4205,"RESULT","Result",No
4206,"ERRORMESSAGE","Error Message",No
4207,"ADDITIONALERRORINFORMATION","Additional Error Information",No
4208,"JOBTYPES","Job Types",No
4209,"LEAD","Lead",No
4210,"LEADS","Leads",No
4211,"LEADSOURCE","Lead Source",No
4212,"LEADSOURCES","Lead Sources",No
4213,"LOCKS","Locks",No
4214,"LOCK","Lock",No
4215,"LOCKED","Locked",No
4216,"ICONHOVERTEXT","Icon Hover Text",No
4217,"SMALLICONISFROMTHEME","Small Icon Is From Theme",No
4218,"LARGEICONISFROMTHEME","Large Icon Is From Theme",No
4219,"READMORE","Read More",No
4220,"DATABASEDRIVERS","Database Drivers",No
4221,"DATABASEDRIVER","Database Driver",No
4222,"DATABASES","Databases",No
4223,"THEMEICONTYPES","Theme Icon Types",No
4224,"THEMEICONTYPE","Theme Icon Type",No
4225,"THEMEICONCATEGORIES","Theme Icon Categories",No
4226,"THEMEICONCATEGORY","Theme Icon Category",No
4227,"QUICKLINKS","Quick Links",No
4228,"QUICKLINK","Quick Link",No
4229,"RENDERASUNIQUEDIV","Render As Unique Div",No
4230,"THEMES","Themes",No
4231,"THEME","Theme",No
4232,"QUICKNOTES","Quick Notes",No
4233,"QUICKNOTE","Quick Note",No
4234,"CLICKACTIONS","Click Actions",No
4235,"CLICKACTION","Click Action",No
4236,"PROJECTSTATUSES","Project Statuses",No
4237,"PROJECTSTATUS","Project Status",No
4238,"SKILLS","Skills",No
4239,"SKILL","Skill",No
4240,"MONTHS","Months",No
4241,"MONTHSSINCE","Months Since",No
4242,"PEOPLESSKILLS","People's Skills",No
4243,"PERSONSSKILL","Person's Skill",No
4244,"SENT","Sent",No
4245,"RECEIVED","Received",No
4246,"TEMPLATE","Template",No
4247,"MAILITEMS","Mail Items",No
4248,"MAILITEM","Mail Item",No
4249,"DATEANDTIME","Date and Time",No
4250,"SEVERITY","Severity",No
4251,"ENTRYID","Entry ID",No
4252,"ENTRY","Entry",No
4253,"SOURCEFILE","Source File",No
4254,"COMMANDLINE","Command Line",No
4255,"LOGENTRIES","Log Entries",No
4256,"LOGENTRY","Log Entry",No
4257,"JASMANAGEDTABLES","JAS Managed Tables",No
4258,"JASMANAGEDTABLE","JAS Managed Table",No
4259,"NEXTUNIQUEIDENTIFIER","Next Unique Identifier",No
4262,"ODBCDRIVER","ODBC Driver",No
4263,"FILENAME","Filename",No
4264,"DATASOURCENAME","Data Source Name (DSN)",No
4265,"FILEBASED","File Based",No
4266,"DSNFILENAME","DSN Filename",No
4267,"DATASOURCECONNECTIONS","Data Source Connections",No
4268,"TESTRECORDS","Test Records",No
4269,"TESTRECORD","Test Record",No
4270,"JTRAKAUDITTRAIL","JTrak Audit Trail",No
4271,"JTRAKAUDITRECORD","JTrak Audit Record",No
4272,"BEFORE","Before",No
4273,"AFTER","After",No
4274,"PASWORDS","Passwords",No
4275,"AUDIT","Audit",No
4282,"WIDGETMASK","Widget Mask",No
4283,"REMOTEPORT","Remote Port",No
4284,"REMOTEIPADDRESS","Remote IP Address",No
4285,"MEMO2","Memo 2",No
4286,"ADDED","Added",No
4287,"CURRENCY","Currency",No
4288,"INTEGER","Integer",No
4290,"MEMO","Memo",No
4291,"TEXT","Text",No
4293,"PORT","Port",No
4294,"REQUIRED","Required",No
4295,"INVOICENUMBER","Invoice Number",No
4296,"INVOICESENT","Invoice Sent",No
4297,"DEFAULTLOGINPAGE","Default Login Page",No
4298,"DEFAULTLOGOUTPAGE","Default Logout Page",No
4299,"LOOKUPNAME","Lookup Name",No
4300,"TEMPLATE","Template Header",No
4301,"OTHERICON","Other Icon",No
4302,"OTHERURL","Other URL",No
4303,"DELETEICON","Delete Icon",No
4304,"DELETEURL","Delete URL",No
4305,"EDITICON","Edit Icon",No
4306,"EDITURL","Edit URL",No
4307,"ADDICON","Add Icon",No
4308,"ADDURL","Add URL",No
4309,"IDENT","IDENT",No
4310,"PRIVATEKEY","Private Key",No
4311,"PUBLICKEY","Public Key",No
4312,"EXPORTED","Exported",No
4313,"DATEEXPORTED","Date Exported",No
4314,"UPLOADED","Uploaded",No
4315,"PAYRATE","Payrate Name",No
4316,"CLICKACTIONDATA","Click Action Data",No
4317,"COLUMNSPAN","Column Span",No
4318,"IMPORTED","Imported",No
4319,"MODE","Mode",No
4320,"INSTALLED","Installed",No
4321,"DATEIMPORTED","Date Imported",No
4322,"EXPENSE","Expense",No
4323,"CONNECTED","Connected",No
4324,"SESSIONTYPE","Session Type",No
4325,"LASTCONTACT","Last Contact",No
4326,"ALLOWEDSIMULTANEOUSSESSIONS","Allowed Simultaneous Sessions",No
4327,"PASSWORDCHANGED","Password Changed",No
4328,"FIRSTLOGIN","First Login",No
4329,"LASTLOGIN","Last Login",No
4330,"SUCCESSFULLOGINS","Successful Logins",No
4331,"FAILEDLOGINS","Failed Logins",No
4332,"HEIGHTISAPERCENTAGE","Height is a Percentage",No
4333,"WIDTHISAPERCENTAGE","Width is a Percentage",No
4334,"DETAILSCREEN","Detail Screen",No
4335,"VERTICALPIXELSPERPAGE","Vertical Pixels Per Page",No
4336,"CAMPAIGN","Campaign",No
1211231411118100021,"CACHEDIR","Cache Directory",No
1211240113422760003,"VIRTUALHOST","Virtual Host",No
1211241107047770001,"ORDER","Order",No
1211290106351460005,"HELPID","Help ID",No
1506081949129380000,"IPADDRESSLIST","IP Address List",No
1506081951425560001,"IPADDRESSTYPE","IP Address Type",No
1506081952277420002,"IPADDRESS","IP Address",No
1506082044224090000,"JADODRIVER","JADO Driver",No
1506082045116150001,"ALIASPATH","Alias Path",No
1506082046523460002,"ALIAS","Alias",No
1506082048562740003,"ALIASVIRTUALHOST","Alias Virtual Host",No
1506082312408620001,"DATABASECONNECTIONFILE","Database Connection File",No
1506090926238300001,"VIDEOMP4ENGLISH","Video MP4 - English",No
1506090929192770002,"HTMLENGLISH","HTML - English",No
1506090940235140003,"NAMEINENGLISH","Name in English",No
1506091120217060000,"CUSTOMURL","Custom URL",No
1506091130344890001,"MAXIMUMLENGTH","Maximum Length",No
1506091159550310002,"WEIGHT","Weight",No
1506091223368960000,"XML","XML",No
1506091229576810001,"POSTER","Poster",No
1506091247558190002,"DATESHIPPED","Date Shipped",No
1506091315091390003,"QUANTITYORDERED","Qty. Ordered",No
1506091316439590004,"QUANTITYSHIPPED","Qty. Shipped",No
1506091342196270006,"ERRORMOREINFO","Additional Error Information",No
1506091506157650007,"PROCEDURE","Procedure",No
1506091507127610008,"DOMAIN","Domain",No
1506091515214470011,"DEFAULTLANGUAGE","Default Language",No
1506091516504480012,"ENABLESSL","Enable SSL",No
1506091518059150013,"DEFAULTAREA","Default Area",No
1506091523019520015,"FROM","From",No
1506091523470140016,"ERRORLOG","Error Log",No
1506091529087490017,"DEFAULTPAGE","Default Page",No
1506091531501750018,"FILEDIRECTORY","File Directory",No
1506091534093390019,"DEFAULTTHEME","Default Theme",No
1506091535064570020,"DEFAULTSECTION","Default Section",No
1506091536081320021,"DATAONRIGHT","Data on Right",No
1506091536571370022,"SHARESDEFAULTDOMAIN","Shares Default Domain",No
1506091538478990023,"CACHEMAXIMUMAGEINSECONDS","Cache Max Age in Seconds",No
1506091539569790024,"DEFAULTICONTHEME","Default Icon Theme",No
1506091541063350025,"WEBROOTDIR","Web Root Directory",No
1506091541594480026,"TEMPLATEDIRECTORY","Template Directory",No
1506091544009880027,"MENURENDERMETHOD","Menu Render Method",No
1506091545574540028,"DEFAULTTOPMENUID","Default Top Menu ID",No
1506091546342090029,"ACCESSLOG","Access Log",No
1506091621223620000,"ADMINISTRATOR","Administrator",No
1506091622578240001,"RESETPASSWORD","Reset Password",No
1506091624589990002,"WHEN","When",No
1506091626061390003,"CREATE","Create",No
1506091627250320004,"MODIFY","Modify",No
1506091632560230005,"OUT","Out",No
1506091633117120006,"IN","In",No
1506091839532340000,"INVOICEPAID","Invoice Paid",No
1506091910088530002,"ESTIMATEDDURATIONINMINUTES","Estimated Duration",No
1506091925039710003,"VIEWMSSQL","View MS-SQL",No
1506091926065400004,"OWNERONLY","Owner Only",No
1506091927322720005,"VIEWMSACCESS","View MS-Access",No
1506091929326760006,"VIEWMYSQL","View MySQL",No
1506091937200050007,"CONFIRMED","Confirmed",No
1506091938140080008,"EXTERNALENTITYTYPE","External Entity Type",No
1506091939356490009,"CONFLICTPENDING","Conflict Pending",No
1506091940557350010,"EXTERNALENTITYROWID","External Entity Row ID",No
1506091942128400011,"EXTERNALMODIFIEDBY","External Modified By",No
1506091943076540012,"CONFIRMATINPENDING","Confirmation Pending",No
1506091945023540013,"EXTERNALENTITYCREATEDBY","External Entity Created By",No
1506091946057320014,"SYNCRONIZED","Syncronized",No
1506092123146390016,"ENTRYDATA","Entry Data",No
1506092144305240017,"SEARCHANDREPLACE","Search and Replace",No
1506092206017960018,"COST","Cost",No
1506092305419560019,"QUANTITYONHAND","Qty On Hand",No
1506092309236760020,"QUANTITYONBACKORDER","Qty on Back Order",No
1506111027492470001,"RECIPIENT","Recipient",No
1506111606538280011,"TO","To",No
1506130948435880011,"HELPENTRYDATA","Help Entry Data",No
1506131027094500059,"HELPSEARCH","Help Search",No
1506131034335520060,"ADMINHELPENGLISH","English help for Administrators",No
1506131208276320001,"ADVANCEDHELP","Advanced Help",No
1506222016226060013,"LOOKUPCOLUMN","Look-Up Column",No
1506250114186370017,"SYSTEMOPTIONS","System Options",No
1507111158174910072,"SOCSEC","Social Security #",No
1507111718572720008,"STUPID JERK I LOVE YOU","DUM HOST cint spill ne thin",No
1507120522165300000,"UPDATEPERMISSION","Update Permission",
1507120523564080001,"VIEWPERMISSION","View Permission",
1507120739540920001,"SETTINGHELP","Setting Help",
2012040223050395617,"MULTISELECT","Multi-Select",No
2012040418530761532,"SYSTEMPERMISSIONS","System Permissions",No
2012040418540546622,"SYSTEMPERMISSION","System Permission",No
2012040623455235748,"SAVEDFILTER","Saved Filter",No
2012040623494443502,"FILTERDEFAULTS","Filter Defaults",No
2012040623495925608,"FILTERDEFAULT","Filter Default",No
2012040715322896848,"DBMSDRIVER","DBMS",No
2012040717150310253,"COLUMNMISSING","Column Missing",No
2012040717343336567,"SALUTATION","Salutation",No
2012040912012039914,"PEOPLEINSYSTEMALREADY","People In System Already",No
2012040912014205000,"COMPANIESINSYSTEMALREADY","Companies in System Already",No
2012040912423092405,"DEDUPLICATIONWEIGHT","Deduplication Weight",No
2012040914392147199,"PROMOTE","Promote",No
2012040917160953899,"DUPLICATESCORE","Duplicate Score",No
2012041009211480455,"LOOKUPSQL","Lookup SQL",No
2012041101215312273,"ONBLUREVENT","onblur Event",No
2012041101230917599,"ONCHANGEEVENT","onchange Event",No
2012041101232662453,"ONCLICKEVENT","onclick Event",No
2012041101234920600,"ONDBLCLICKEVENT","ondblclick Event",No
2012041101240896266,"ONFOCUSEVENT","onfocus Event",No
2012041101242628277,"ONKEYDOWNEVENT","onkeydown Event",No
2012041101250168309,"ONKEYPRESSEVENT","onkeypress Event",No
2012041101255104618,"ONKEYUPEVENT","onkeyup Event",No
2012041101260620162,"ONSELECTEVENT","onselect Event",No
2012041101410589637,"RESOLUTION","Resolution",No
2012041115533742917,"LEADSOURCEADDITIONAL","Lead Source Addl.",No
2012041420513148043,"MAINCOUNTRY","Main Country",No
2012041420520368340,"SHIPCOUNTRY","Shipping Country",No
2012041609351378566,"ROWID","Row ID",No
2012041621002504430,"MOVE","Move",No
2012042817554989392,"EMERGENCY","Emergency",No
2012042817564326371,"HIGHEST","Highest",No
2012042817572018135,"HIGH","High",No
2012042817580728385,"NORMAL","Normal",No
2012042817584882364,"LOW","Low",No
2012042909292957277,"PATH","Path",No
2012042917595448155,"FILESIZE","Filesize",No
2012043012194966538,"RECORDOWNERACCESSONLY","Record Owner Access Only",No
2012043012201812089,"PERMISSIONCOLUMN","Permission Column",No
2012043016272178970,"LOGENTRYTYPE","Log Entry Type",No
2012043016391642734,"SECURITYKEY","Security Key",No
2012043016392928232,"SECURITYKEYS","Security Keys",No
2012043016405555299,"FILES","Files",No
2012043016410303310,"FILE","File",No
2012043016420292223,"SAVEDFILTERS","Saved Filters",No
2012043016433875339,"LOOKUPRECORDS","Lookup Records",No
2012043016435202923,"LOOKUPRECORD","Lookup Record",No
2012043016484242927,"PRIORITIES","Priorities",No
2012043016495953224,"PRODUCTQUANTITY","Product Quantity",No
2012043016512719093,"CAPTIONS","Captions",No
2012043016522051943,"CAPTIONGROUPS","Caption Groups",No
2012043016524008319,"CAPTIONGROUP","Caption Group",No
2012043016582240858,"MODULECOLUMNS","Module Columns",No
2012043016583297014,"MODULECOLUMN","Module Column",No
2012043017061939349,"PRODUCTGROUP","Product Group",No
2012043017144795186,"PROJECTCATEGORY","Project Category",No
2012043017181810884,"SECURITYGROUP","Security Group",No
2012043017192919172,"SECURITYGROUPUSERLINK","Security Group User Link",No
2012043017200796312,"SECURITYGROUPLINK","Security Group Link",No
2012043017234780542,"SYSTEMMODULELINK","System Module Link",No
2012043017243432206,"SYSTEMMODULE","System Module",No
2012043017262568150,"SECURITYPERMISSIONUSERLINK","Security Permission User Link",No
2012050100261358367,"LOGENTRIES","Log Entries",No
2012050103333895422,"EDITPERMISSION","Edit Permission",No
2012050103335179648,"VIEWPERMISSION","View Permission",No
2012050103341662144,"EXPORTPERMISSION","Export Permission",No
2012050103521566243,"MODIFYPERMISSION","Modify Permission",No
2012050915331229678,"ACTIONS","Actions",No
2012051214565580459,"SAVEANDNEW","Save-N-New",No
2012081821495847904,"DOB","Date of Birth",No
2012081906251782405,"DATEBEGIN","Date Begin",No
2012081906253379590,"DATEEND","Date End",No
2012090315231108490,"PERSPECTIVE","Perspective",No
2012090316440227924,"EVENTID","Event ID",No
2012090316500784787,"EVENT SEARCH","Event Search",No
2012090316501970246,"VIDEO SEARCH","Video Search",No
2012090316513162044,"EVENT","Event",No
2012090316514118790,"VIDEO","Video",No
2012090319212952756,"TIME","Time",No
2012090610565676480,"ROTATION","Rotation",No
2012090611375011541,"VIDEOTYPE","Video Type",No
2012090616372660846,"PROCESS","Process",No
2012090616374531336,"PROCESSING","Processing",No
2012091017054578271,"CREATEVIDEO","Create Video",No
2012091214212259347,"TIMEELAPSED","Time Elapsed",No
2012091920505541970,"MUTE","Mute",No
2012091922045087641,"UPLOADEDAS","Uploaded As",No
2012091922131584318,"VIDEOS","Videos",No
2012092018530337729,"NOCREATED","# Created",No
2012092018532621819,"FAILEDATTEMPTS","Failed Attempts",No
2012092222092643496,"VISIBLE","Visible",No
2012092319003372407,"AUTOSYNCHRONIZE","Auto Synchronize",No
2012092321080970745,"SYNCHRONIZE","Synchronize",No
2012092710321502379,"SHARE","Share",No
2012092817421887580,"MINI TEMPLATE","Mini Template",No
2012100503454318379,"CANCELLED","Cancelled",No
2012100503460711363,"RESCHEDULED","Rescheduled",No
2012100504363933219,"TERMS","Terms",No
